runIndex,label,moduleDir,seed,device,warmupEpisodes,measuredIndex,completedEpisode,episodeWallSeconds,stepCalls,actionSteps,stepP50Seconds,stepP95Seconds,score,rawScore,fillRatio,rentableRatio,moduleCount,dictionaryLength,policyLoss,candidateEvaluations,topologyValid,topologyViolationRate,topologyViolationCount,topologyPenalty,bpeBonus,bpeRounds,reusedBpeModules,vocabSize,unmergedTriangles,averageUnmergedTriangles,unmergedTrianglePenalty,triangleRatio,categoryEntropy,layoutHash,actionHash,dictionaryHash,categoryCountsJson,profilerTimingsJson
0,v0.8.0,/home/ramazan/tmp/Discrete Building Generator/v0.8.0,808,cpu,0,0,0,0.7626253450289369,17,16,0.038656826014630497,0.07941154299769543,37.0193,29.019297174059894,0.3784868062313495,0.8551439138904269,29.0,3.0,173.687255859375,1935.0,True,0.0,0,0.0,18.0,3.0,6.0,5.0,5.0,1.25,10.0,0.9053505381848316,0.40118986218700575,e46b508da420f3a14b0a593b0a9e135b94fc2d5f71e2242e1c155e5d9957b8aa,69ef81ab4fa8a4d1ddcd1ed7f6f6d90ed60bde63274be7b096fed3dce8db4f04,7f0bc580c723a5d3d3277b6ca99d1547286cc6da40af7f58499c0071ef42c4b4,"{""core"": 4, ""room"": 25}","{""aggregateTerminal"": {""avg"": 0.10205904254689813, ""count"": 1, ""max"": 0.10205904254689813, ""min"": 0.10205904254689813}, ""bpeMerge"": {""avg"": 0.0, ""count"": 16, ""max"": 0.0, ""min"": 0.0}, ""candidateGeneration"": {""avg"": 5.210256305106572, ""count"": 57, ""max"": 13.573823031038046, ""min"": 0.7763640023767948}, ""cgAnchorSearch"": {""avg"": 0.16736452738326546, ""count"": 370, ""max"": 0.7137309294193983, ""min"": 0.06139703327789903}, ""cgEdgeAlignment"": {""avg"": 0.017946308346565912, ""count"": 370, ""max"": 0.32626395113766193, ""min"": 0.0}, ""cgFeatureExtraction"": {""avg"": 0.012860930606571806, ""count"": 370, ""max"": 0.18232205184176564, ""min"": 0.0}, ""cgNeighborAnalysis"": {""avg"": 0.020381481216817692, ""count"": 370, ""max"": 1.5579190221615136, ""min"": 0.0}, ""cgOverlapCollisions"": {""avg"": 0.582249350122151, ""count"": 370, ""max"": 10.864979936741292, ""min"": 0.0}, ""cgSiteBoundary"": {""avg"": 0.1334629562758916, ""count"": 370, ""max"": 7.965019845869392, ""min"": 0.0}, ""dictSynthesis"": {""avg"": 27.517751033883542, ""count"": 1, ""max"": 27.517751033883542, ""min"": 27.517751033883542}, ""episodeBpeMerge"": {""avg"": 61.74569996073842, ""count"": 1, ""max"": 61.74569996073842, ""min"": 61.74569996073842}, ""episodeFormatting"": {""avg"": 0.48498198157176375, ""count"": 2, ""max"": 0.5190679803490639, ""min"": 0.45089598279446363}, ""episodeTotal"": {""avg"": 760.8520630165003, ""count"": 1, ""max"": 760.8520630165003, ""min"": 760.8520630165003}, ""learning"": {""avg"": 42.906270013190806, ""count"": 1, ""max"": 42.906270013190806, ""min"": 42.906270013190806}, ""placement"": {""avg"": 0.3392799330564837, ""count"": 15, ""max"": 2.21375998808071, ""min"": 0.14570902567356825}, ""policyInference"": {""avg"": 0.17648018547333777, ""count"": 16, ""max"": 0.657436961773783, ""min"": 0.11180201545357704}, ""shapeSynthesis"": {""avg"": 9.167157927105679, ""count"": 43, ""max"": 15.02432394772768, ""min"": 4.279219021555036}, ""stepTotal"": {""avg"": 36.014826997416094, ""count"": 16, ""max"": 54.53232798026875, ""min"": 16.586874960921705}, ""terminalMetrics"": {""avg"": 12.612937018275261, ""count"": 1, ""max"": 12.612937018275261, ""min"": 12.612937018275261}}"
0,v0.8.0,/home/ramazan/tmp/Discrete Building Generator/v0.8.0,808,cpu,0,1,1,0.710068208980374,17,16,0.028039456985425204,0.08308609639061604,41.0027,24.773365008419585,0.35231954684771527,0.8443852522934715,30.0,2.0,148.08132934570312,1151.0,True,0.0,0,0.0,24.0,4.0,8.0,5.0,4.0,1.0,8.0,0.8169774254592745,0.39267446722755217,63adb3e164b8ee1c34d18e1c540e0a688a8982b19b112af63bce9fbcf42e6aa8,4f8d83757e02e92b636958b9993f43166bfe70258daae8aa4602eee554493a16,b713a3e83e379b65b751a2faa18a3c39131ed9a7c7ec5d717f721d7b7ede0474,"{""core"": 4, ""room"": 26}","{""aggregateTerminal"": {""avg"": 0.11848798021674156, ""count"": 1, ""max"": 0.11848798021674156, ""min"": 0.11848798021674156}, ""bpeMerge"": {""avg"": 0.0, ""count"": 16, ""max"": 0.0, ""min"": 0.0}, ""candidateGeneration"": {""avg"": 4.973581457743421, ""count"": 50, ""max"": 11.269955022726208, ""min"": 0.9532480034977198}, ""cgAnchorSearch"": {""avg"": 0.15193065171589767, ""count"": 316, ""max"": 0.8996731485240161, ""min"": 0.059867044910788536}, ""cgEdgeAlignment"": {""avg"": 0.01712836737043071, ""count"": 316, ""max"": 0.6004020106047392, ""min"": 0.0}, ""cgFeatureExtraction"": {""avg"": 0.012802191467696353, ""count"": 316, ""max"": 0.452561944257468, ""min"": 0.0}, ""cgNeighborAnalysis"": {""avg"": 0.042614673302638566, ""count"": 316, ""max"": 5.51913894014433, ""min"": 0.0}, ""cgOverlapCollisions"": {""avg"": 0.5905635883704512, ""count"": 316, ""max"": 8.996132062748075, ""min"": 0.0}, ""cgSiteBoundary"": {""avg"": 0.10669810304718823, ""count"": 316, ""max"": 4.71312808804214, ""min"": 0.0}, ""dictSynthesis"": {""avg"": 27.23924402380362, ""count"": 1, ""max"": 27.23924402380362, ""min"": 27.23924402380362}, ""episodeBpeMerge"": {""avg"": 97.0113939838484, ""count"": 1, ""max"": 97.0113939838484, ""min"": 97.0113939838484}, ""episodeFormatting"": {""avg"": 0.5258999881334603, ""count"": 2, ""max"": 0.6077240104787052, ""min"": 0.4440759657882154}, ""episodeTotal"": {""avg"": 707.5917570036836, ""count"": 1, ""max"": 707.5917570036836, ""min"": 707.5917570036836}, ""learning"": {""avg"": 35.27388797374442, ""count"": 1, ""max"": 35.27388797374442, ""min"": 35.27388797374442}, ""placement"": {""avg"": 0.3556957351975143, ""count"": 15, ""max"": 2.207141020335257, ""min"": 0.17091602785512805}, ""policyInference"": {""avg"": 0.2146056322089862, ""count"": 16, ""max"": 0.5700429901480675, ""min"": 0.11519301915541291}, ""shapeSynthesis"": {""avg"": 9.360543230690787, ""count"": 36, ""max"": 18.139592022635043, ""min"": 4.531549988314509}, ""stepTotal"": {""avg"": 30.808287501713494, ""count"": 16, ""max"": 51.8092280253768, ""min"": 12.785247003193945}, ""terminalMetrics"": {""avg"": 14.7914900444448, ""count"": 1, ""max"": 14.7914900444448, ""min"": 14.7914900444448}}"
0,v0.8.0,/home/ramazan/tmp/Discrete Building Generator/v0.8.0,808,cpu,0,2,2,1.0903770389850251,18,17,0.04819008652702905,0.10708068184030692,43.9926,34.56692745960861,0.4174988793399268,0.8686796058435732,34.0,5.0,189.80728149414062,3611.0,True,0.0,0,0.0,18.0,3.0,6.0,7.0,4.0,1.0,8.0,0.7879223649385607,0.362210557135449,cb46d6a79acfdd4c82d9ffd89ca111915a5841bad0fec99e5ad87063d6eb559d,b836a8c68e444c04ffe483ff922293d81928f0b904025d716d59fdf9158fc304,0aa60827b8733b3dda57251f55a8ca69a93bcc46f6bcc7400cdef9dd4e8293fc,"{""core"": 4, ""room"": 30}","{""aggregateTerminal"": {""avg"": 0.12249802239239216, ""count"": 1, ""max"": 0.12249802239239216, ""min"": 0.12249802239239216}, ""bpeMerge"": {""avg"": 0.0, ""count"": 17, ""max"": 0.0, ""min"": 0.0}, ""candidateGeneration"": {""avg"": 10.650245046558519, ""count"": 62, ""max"": 27.468505955766886, ""min"": 0.8025759598240256}, ""cgAnchorSearch"": {""avg"": 0.23948624605783125, ""count"": 412, ""max"": 1.3669358449988067, ""min"": 0.06665103137493134}, ""cgEdgeAlignment"": {""avg"": 0.021229824729408455, ""count"": 412, ""max"": 0.3233369789086282, ""min"": 0.0}, ""cgFeatureExtraction"": {""avg"": 0.01570995819632832, ""count"": 412, ""max"": 0.21519296569749713, ""min"": 0.0}, ""cgNeighborAnalysis"": {""avg"": 0.03335022681745366, ""count"": 412, ""max"": 2.319337974768132, ""min"": 0.0}, ""cgOverlapCollisions"": {""avg"": 1.2733270459383437, ""count"": 412, ""max"": 23.961400031112134, ""min"": 0.0}, ""cgSiteBoundary"": {""avg"": 0.2240714550954154, ""count"": 412, ""max"": 8.397510275244713, ""min"": 0.0}, ""dictSynthesis"": {""avg"": 27.035705046728253, ""count"": 1, ""max"": 27.035705046728253, ""min"": 27.035705046728253}, ""episodeBpeMerge"": {""avg"": 85.52634698571637, ""count"": 1, ""max"": 85.52634698571637, ""min"": 85.52634698571637}, ""episodeFormatting"": {""avg"": 0.5889209860470146, ""count"": 2, ""max"": 0.6242379895411432, ""min"": 0.553603982552886}, ""episodeTotal"": {""avg"": 1088.1114290095866, ""count"": 1, ""max"": 1088.1114290095866, ""min"": 1088.1114290095866}, ""learning"": {""avg"": 42.29261097498238, ""count"": 1, ""max"": 42.29261097498238, ""min"": 42.29261097498238}, ""placement"": {""avg"": 0.327532397932373, ""count"": 20, ""max"": 2.465560974087566, ""min"": 0.13515999307855964}, ""policyInference"": {""avg"": 0.2210463588947759, ""count"": 17, ""max"": 0.5925620207563043, ""min"": 0.11392898159101605}, ""shapeSynthesis"": {""avg"": 11.217655627555105, ""count"": 43, ""max"": 16.85613498557359, ""min"": 4.525788011960685}, ""stepTotal"": {""avg"": 51.34054641787182, ""count"": 17, ""max"": 89.3376320018433, ""min"": 13.515710015781224}, ""terminalMetrics"": {""avg"": 17.356922035105526, ""count"": 1, ""max"": 17.356922035105526, ""min"": 17.356922035105526}}"
0,v0.8.0,/home/ramazan/tmp/Discrete Building Generator/v0.8.0,808,cpu,0,3,3,0.7951634479686618,17,16,0.04148278199136257,0.08028171317419029,40.3302,28.213925820730594,0.37505714922386485,0.8538192979170197,29.0,4.0,158.36878967285156,2415.0,True,0.0,0,0.0,18.0,3.0,6.0,7.0,3.0,0.75,6.0,0.8405390369771365,0.40118986218700575,0255f8d14a44de66e7203e9f2bf4347a5ea70421103f5d37987e559972ecb55d,4fdb76768103f7eec1d45e42f658fd610508554d8e2d918179c70ca5934009ab,e8754ebea0c3223842ed8453758924525496353fc4ed647b2865f5353e200cc9,"{""core"": 4, ""room"": 25}","{""aggregateTerminal"": {""avg"": 0.13128801947459579, ""count"": 1, ""max"": 0.13128801947459579, ""min"": 0.13128801947459579}, ""bpeMerge"": {""avg"": 0.0, ""count"": 16, ""max"": 0.0, ""min"": 0.0}, ""candidateGeneration"": {""avg"": 6.609244825596218, ""count"": 57, ""max"": 12.649115000385791, ""min"": 0.7745249895378947}, ""cgAnchorSearch"": {""avg"": 0.1910571285596045, ""count"": 385, ""max"": 1.080688030924648, ""min"": 0.060462974943220615}, ""cgEdgeAlignment"": {""avg"": 0.019696000630834272, ""count"": 385, ""max"": 0.5474339704960585, ""min"": 0.0}, ""cgFeatureExtraction"": {""avg"": 0.013609828923333001, ""count"": 385, ""max"": 0.3323900164104998, ""min"": 0.0}, ""cgNeighborAnalysis"": {""avg"": 0.007837807136745034, ""count"": 385, ""max"": 0.20142697030678391, ""min"": 0.0}, ""cgOverlapCollisions"": {""avg"": 0.7762268611967758, ""count"": 385, ""max"": 10.207892919424921, ""min"": 0.0}, ""cgSiteBoundary"": {""avg"": 0.12616092042828148, ""count"": 385, ""max"": 4.1827119421213865, ""min"": 0.0}, ""dictSynthesis"": {""avg"": 28.571714996360242, ""count"": 1, ""max"": 28.571714996360242, ""min"": 28.571714996360242}, ""episodeBpeMerge"": {""avg"": 44.25111599266529, ""count"": 1, ""max"": 44.25111599266529, ""min"": 44.25111599266529}, ""episodeFormatting"": {""avg"": 0.5615754926111549, ""count"": 2, ""max"": 0.6013099919073284, ""min"": 0.5218409933149815}, ""episodeTotal"": {""avg"": 792.0105549856089, ""count"": 1, ""max"": 792.0105549856089, ""min"": 792.0105549856089}, ""learning"": {""avg"": 43.082477001007646, ""count"": 1, ""max"": 43.082477001007646, ""min"": 43.082477001007646}, ""placement"": {""avg"": 0.37890687041605514, ""count"": 15, ""max"": 2.5642230175435543, ""min"": 0.14114001533016562}, ""policyInference"": {""avg"": 0.19018106468138285, ""count"": 16, ""max"": 0.5820949445478618, ""min"": 0.10792602552101016}, ""shapeSynthesis"": {""avg"": 9.705526493002422, ""count"": 43, ""max"": 14.362805988639593, ""min"": 4.666866036131978}, ""stepTotal"": {""avg"": 38.5933655052213, ""count"": 16, ""max"": 58.18773800274357, ""min"": 13.459769019391388}, ""terminalMetrics"": {""avg"": 13.784823997411877, ""count"": 1, ""max"": 13.784823997411877, ""min"": 13.784823997411877}}"
0,v0.8.0,/home/ramazan/tmp/Discrete Building Generator/v0.8.0,808,cpu,0,4,4,0.8080773840192705,18,17,0.03447783851879649,0.10508809138846106,25.9253,21.310626304816317,0.3158730746768968,0.8264299119167827,24.0,2.0,125.55924987792969,1220.0,True,0.0,0,0.0,15.0,3.0,5.0,4.0,5.0,1.25,10.0,0.9546354844576953,0.45056120886630463,4610e74d0908c35cef7b504ca49bdf04a9d5b930edb26093e114bd5cc2bd7cec,65951066fb7536438cf42e268252ac63eeb25f179c22405d0126e646c4dc0c02,b713a3e83e379b65b751a2faa18a3c39131ed9a7c7ec5d717f721d7b7ede0474,"{""core"": 4, ""room"": 20}","{""aggregateTerminal"": {""avg"": 0.11750299017876387, ""count"": 1, ""max"": 0.11750299017876387, ""min"": 0.11750299017876387}, ""bpeMerge"": {""avg"": 0.0, ""count"": 17, ""max"": 0.0, ""min"": 0.0}, ""candidateGeneration"": {""avg"": 4.663374831300014, ""count"": 52, ""max"": 11.283784988336265, ""min"": 0.5374000174924731}, ""cgAnchorSearch"": {""avg"": 0.16114239389385465, ""count"": 344, ""max"": 2.524355018977076, ""min"": 0.03925897181034088}, ""cgEdgeAlignment"": {""avg"": 0.010939906852124908, ""count"": 344, ""max"": 0.2806299598887563, ""min"": 0.0}, ""cgFeatureExtraction"": {""avg"": 0.00903916614249262, ""count"": 344, ""max"": 0.18111401004716754, ""min"": 0.0}, ""cgNeighborAnalysis"": {""avg"": 0.013980462363390468, ""count"": 344, ""max"": 1.8851490458473563, ""min"": 0.0}, ""cgOverlapCollisions"": {""avg"": 0.5455727203001897, ""count"": 344, ""max"": 7.799024053383619, ""min"": 0.0}, ""cgSiteBoundary"": {""avg"": 0.12223496386743432, ""count"": 344, ""max"": 3.69662803132087, ""min"": 0.0}, ""dictSynthesis"": {""avg"": 29.118500009644777, ""count"": 1, ""max"": 29.118500009644777, ""min"": 29.118500009644777}, ""episodeBpeMerge"": {""avg"": 54.074409999884665, ""count"": 1, ""max"": 54.074409999884665, ""min"": 54.074409999884665}, ""episodeFormatting"": {""avg"": 0.437811017036438, ""count"": 2, ""max"": 0.47176104271784425, ""min"": 0.40386099135503173}, ""episodeTotal"": {""avg"": 805.2290760097094, ""count"": 1, ""max"": 805.2290760097094, ""min"": 805.2290760097094}, ""learning"": {""avg"": 45.75105803087354, ""count"": 1, ""max"": 45.75105803087354, ""min"": 45.75105803087354}, ""placement"": {""avg"": 0.45187241630628705, ""count"": 12, ""max"": 2.8241289546713233, ""min"": 0.15711598098278046}, ""policyInference"": {""avg"": 0.230738239171093, ""count"": 17, ""max"": 0.5879590171389282, ""min"": 0.12062099995091558}, ""shapeSynthesis"": {""avg"": 10.955612189363597, ""count"": 41, ""max"": 52.38459195243195, ""min"": 4.531459009740502}, ""stepTotal"": {""avg"": 36.33224082466982, ""count"": 17, ""max"": 91.77538403309882, ""min"": 13.194237952120602}, ""terminalMetrics"": {""avg"": 11.019531055353582, ""count"": 1, ""max"": 11.019531055353582, ""min"": 11.019531055353582}}"
0,v0.8.0,/home/ramazan/tmp/Discrete Building Generator/v0.8.0,808,cpu,0,5,5,0.9351601009839214,18,17,0.04436121750040911,0.09996797038766064,56.4719,37.914684875678255,0.43314810996950265,0.8734240872050767,35.0,5.0,193.93438720703125,2167.0,True,0.0,0,0.0,27.0,4.0,9.0,8.0,4.0,1.0,8.0,0.822743433167002,0.355382896246011,6636d55ed392b83a44cf5d195426a2a71088abd1835eb4a1a2f1eae766c2c7c7,b82d526a2e2dc25b171a4627ce40ac404bc5754801dac6207b8a53faf9dd63e8,276642b91c17d242ba96633f6d45357d798806079a251647ddf4a0493f83e0d7,"{""core"": 4, ""room"": 31}","{""aggregateTerminal"": {""avg"": 0.11213094694539905, ""count"": 1, ""max"": 0.11213094694539905, ""min"": 0.11213094694539905}, ""bpeMerge"": {""avg"": 0.0, ""count"": 17, ""max"": 0.0, ""min"": 0.0}, ""candidateGeneration"": {""avg"": 8.826760416427119, ""count"": 55, ""max"": 20.14248596969992, ""min"": 1.170207979157567}, ""cgAnchorSearch"": {""avg"": 0.21228630758719746, ""count"": 328, ""max"": 1.1566090397536755, ""min"": 0.060093996580690145}, ""cgEdgeAlignment"": {""avg"": 0.012811496584085612, ""count"": 328, ""max"": 0.3144420334137976, ""min"": 0.0}, ""cgFeatureExtraction"": {""avg"": 0.008871238295375028, ""count"": 328, ""max"": 0.20264502381905913, ""min"": 0.0}, ""cgNeighborAnalysis"": {""avg"": 0.020526000121097284, ""count"": 328, ""max"": 3.4111880231648684, ""min"": 0.0}, ""cgOverlapCollisions"": {""avg"": 1.171392085181163, ""count"": 328, ""max"": 16.713498916942626, ""min"": 0.0}, ""cgSiteBoundary"": {""avg"": 0.21279827892502043, ""count"": 328, ""max"": 8.796959999017417, ""min"": 0.0}, ""dictSynthesis"": {""avg"": 42.40166203817353, ""count"": 1, ""max"": 42.40166203817353, ""min"": 42.40166203817353}, ""episodeBpeMerge"": {""avg"": 103.93049300182611, ""count"": 1, ""max"": 103.93049300182611, ""min"": 103.93049300182611}, ""episodeFormatting"": {""avg"": 0.82726901746355, ""count"": 2, ""max"": 1.0499419877305627, ""min"": 0.6045960471965373}, ""episodeTotal"": {""avg"": 932.0893250405788, ""count"": 1, ""max"": 932.0893250405788, ""min"": 932.0893250405788}, ""learning"": {""avg"": 41.89136903733015, ""count"": 1, ""max"": 41.89136903733015, ""min"": 41.89136903733015}, ""placement"": {""avg"": 0.34093147903484733, ""count"": 19, ""max"": 2.7340970118530095, ""min"": 0.14824396930634975}, ""policyInference"": {""avg"": 0.2883976455503965, ""count"": 17, ""max"": 0.5939149996265769, ""min"": 0.13944198144599795}, ""shapeSynthesis"": {""avg"": 10.67237597669953, ""count"": 37, ""max"": 16.637125983834267, ""min"": 4.807908029761165}, ""stepTotal"": {""avg"": 39.855643648051604, ""count"": 17, ""max"": 74.14988899836317, ""min"": 6.70794997131452}, ""terminalMetrics"": {""avg"": 17.775214975699782, ""count"": 1, ""max"": 17.775214975699782, ""min"": 17.775214975699782}}"
0,v0.8.0,/home/ramazan/tmp/Discrete Building Generator/v0.8.0,808,cpu,0,6,6,0.6745507380110212,17,16,0.034317230980377644,0.07278306179214258,35.8928,21.443502844062476,0.3291525119308381,0.8334324806662701,28.0,2.0,144.55740356445312,1155.0,True,0.0,0,0.0,27.0,4.0,9.0,5.0,6.0,1.5,12.0,1.0000000000000002,0.410116318288409,f03703eb5c763749274a91f9dcaa856bf1706c6ff97c1ab669db0cde71788a1d,8dc0189907424610c4fb031ad2664490b3fffc7ac97449bf6ba8b79f4f35dbf2,d6e2d3f3972ad07bf3de0c08fc115b479c39e8dff717f9751b44ede5091d8800,"{""core"": 4, ""room"": 24}","{""aggregateTerminal"": {""avg"": 0.10900001507252455, ""count"": 1, ""max"": 0.10900001507252455, ""min"": 0.10900001507252455}, ""bpeMerge"": {""avg"": 0.0, ""count"": 16, ""max"": 0.0, ""min"": 0.0}, ""candidateGeneration"": {""avg"": 3.3127430942840874, ""count"": 56, ""max"": 7.445140974596143, ""min"": 0.6773390341550112}, ""cgAnchorSearch"": {""avg"": 0.11112643285684051, ""count"": 378, ""max"": 0.5302219069562852, ""min"": 0.05982897710055113}, ""cgEdgeAlignment"": {""avg"": 0.009429902232513226, ""count"": 378, ""max"": 0.42437907541170716, ""min"": 0.0}, ""cgFeatureExtraction"": {""avg"": 0.007270204141075728, ""count"": 378, ""max"": 0.371375004760921, ""min"": 0.0}, ""cgNeighborAnalysis"": {""avg"": 0.017191300805529983, ""count"": 378, ""max"": 3.2778449822217226, ""min"": 0.0}, ""cgOverlapCollisions"": {""avg"": 0.3125338661780078, ""count"": 378, ""max"": 6.560042151249945, ""min"": 0.0}, ""cgSiteBoundary"": {""avg"": 0.06652579666854488, ""count"": 378, ""max"": 3.291616158094257, ""min"": 0.0}, ""dictSynthesis"": {""avg"": 27.937188046053052, ""count"": 1, ""max"": 27.937188046053052, ""min"": 27.937188046053052}, ""episodeBpeMerge"": {""avg"": 66.53861701488495, ""count"": 1, ""max"": 66.53861701488495, ""min"": 66.53861701488495}, ""episodeFormatting"": {""avg"": 0.4935390024911612, ""count"": 2, ""max"": 0.5406769923865795, ""min"": 0.44640101259574294}, ""episodeTotal"": {""avg"": 672.1137700369582, ""count"": 1, ""max"": 672.1137700369582, ""min"": 672.1137700369582}, ""learning"": {""avg"": 46.203884994611144, ""count"": 1, ""max"": 46.203884994611144, ""min"": 46.203884994611144}, ""placement"": {""avg"": 0.3214320713595953, ""count"": 16, ""max"": 2.641567960381508, ""min"": 0.12842798605561256}, ""policyInference"": {""avg"": 0.16867036902112886, ""count"": 16, ""max"": 0.5917760427109897, ""min"": 0.10763196041807532}, ""shapeSynthesis"": {""avg"": 8.211757977799762, ""count"": 41, ""max"": 10.593354993034154, ""min"": 4.758392984513193}, ""stepTotal"": {""avg"": 29.824821998772677, ""count"": 16, ""max"": 43.920583033468574, ""min"": 10.799822979606688}, ""terminalMetrics"": {""avg"": 11.432185012381524, ""count"": 1, ""max"": 11.432185012381524, ""min"": 11.432185012381524}}"
0,v0.8.0,/home/ramazan/tmp/Discrete Building Generator/v0.8.0,808,cpu,0,7,7,0.8609503480256535,18,17,0.03689528952236287,0.08800755146949071,43.689,23.549113208214777,0.35064288972207996,0.8436411545711339,28.0,5.0,155.57760620117188,2991.0,True,0.0,0,0.0,21.0,3.0,7.0,6.0,0.0,0.0,0.0,0.7817942271443307,0.410116318288409,fbc1d1eb301007592bdf96558388323c0e7fc4b5c05ee025eb8084a4aa584281,49be211e1d0dc0264159132399fef1d6af8b007d083421f2835debaf4e38eecf,0aa60827b8733b3dda57251f55a8ca69a93bcc46f6bcc7400cdef9dd4e8293fc,"{""core"": 4, ""room"": 24}","{""aggregateTerminal"": {""avg"": 0.12566702207550406, ""count"": 1, ""max"": 0.12566702207550406, ""min"": 0.12566702207550406}, ""bpeMerge"": {""avg"": 0.0, ""count"": 17, ""max"": 0.0, ""min"": 0.0}, ""candidateGeneration"": {""avg"": 6.674772930896974, ""count"": 56, ""max"": 15.12423501117155, ""min"": 0.7776769925840199}, ""cgAnchorSearch"": {""avg"": 0.21984400634195597, ""count"": 378, ""max"": 1.5425660531036556, ""min"": 0.05996902473270893}, ""cgEdgeAlignment"": {""avg"": 0.009030542396767824, ""count"": 378, ""max"": 0.271689030341804, ""min"": 0.0}, ""cgFeatureExtraction"": {""avg"": 0.007090275175869465, ""count"": 378, ""max"": 0.22311403881758451, ""min"": 0.0}, ""cgNeighborAnalysis"": {""avg"": 0.004608008552283522, ""count"": 378, ""max"": 0.27599395252764225, ""min"": 0.0}, ""cgOverlapCollisions"": {""avg"": 0.7791994778604479, ""count"": 378, ""max"": 11.992285493761301, ""min"": 0.0}, ""cgSiteBoundary"": {""avg"": 0.15735302459837858, ""count"": 378, ""max"": 5.717316991649568, ""min"": 0.0}, ""dictSynthesis"": {""avg"": 27.85107697127387, ""count"": 1, ""max"": 27.85107697127387, ""min"": 27.85107697127387}, ""episodeBpeMerge"": {""avg"": 53.873956960160285, ""count"": 1, ""max"": 53.873956960160285, ""min"": 53.873956960160285}, ""episodeFormatting"": {""avg"": 0.5607385246548802, ""count"": 2, ""max"": 0.5881570396013558, ""min"": 0.5333200097084045}, ""episodeTotal"": {""avg"": 858.1181979971007, ""count"": 1, ""max"": 858.1181979971007, ""min"": 858.1181979971007}, ""learning"": {""avg"": 44.245018041692674, ""count"": 1, ""max"": 44.245018041692674, ""min"": 44.245018041692674}, ""placement"": {""avg"": 0.4371558267545576, ""count"": 12, ""max"": 2.67635501222685, ""min"": 0.17102999845519662}, ""policyInference"": {""avg"": 0.19565846784697735, ""count"": 17, ""max"": 0.5853439797647297, ""min"": 0.10314700193703175}, ""shapeSynthesis"": {""avg"": 10.109577197322828, ""count"": 45, ""max"": 16.67601801455021, ""min"": 4.450900014489889}, ""stepTotal"": {""avg"": 39.54543300342801, ""count"": 17, ""max"": 72.14506599120796, ""min"": 7.136917032767087}, ""terminalMetrics"": {""avg"": 13.713161984924227, ""count"": 1, ""max"": 13.713161984924227, ""min"": 13.713161984924227}}"
0,v0.8.0,/home/ramazan/tmp/Discrete Building Generator/v0.8.0,808,cpu,0,8,8,0.7105449649970978,18,17,0.031570693012326956,0.07563468737644125,40.9959,22.328622110214106,0.3428552755624128,0.8400896200157634,29.0,3.0,133.4829559326172,1423.0,True,0.0,0,0.0,21.0,3.0,7.0,6.0,1.0,0.25,2.0,0.8395294949172433,0.40118986218700575,0bbed7eccc2bc4e8142b4b9d201f43e2b738c1e7bf6dabb80e8b219e6bdca43e,d306d57940522740c48b5d0b7777a7f68abaa61f8e09e6a11adf8787b0c38032,25bbe9cb46576e813b92d7961b178b563acefeb5d93b7efca85f17049c317402,"{""core"": 4, ""room"": 25}","{""aggregateTerminal"": {""avg"": 0.11964899022132158, ""count"": 1, ""max"": 0.11964899022132158, ""min"": 0.11964899022132158}, ""bpeMerge"": {""avg"": 0.0, ""count"": 17, ""max"": 0.0, ""min"": 0.0}, ""candidateGeneration"": {""avg"": 4.003717953681337, ""count"": 49, ""max"": 11.387512960936874, ""min"": 0.61447499319911}, ""cgAnchorSearch"": {""avg"": 0.18442457779341895, ""count"": 298, ""max"": 0.7898079347796738, ""min"": 0.06117299199104309}, ""cgEdgeAlignment"": {""avg"": 0.02209153967822008, ""count"": 298, ""max"": 0.21487200865522027, ""min"": 0.0}, ""cgFeatureExtraction"": {""avg"": 0.017725201182992468, ""count"": 298, ""max"": 0.170235987752676, ""min"": 0.0}, ""cgNeighborAnalysis"": {""avg"": 0.022088284932401957, ""count"": 298, ""max"": 1.788822002708912, ""min"": 0.0}, ""cgOverlapCollisions"": {""avg"": 0.5575505397032521, ""count"": 298, ""max"": 9.483262139838189, ""min"": 0.0}, ""cgSiteBoundary"": {""avg"": 0.08474026248796575, ""count"": 298, ""max"": 2.764349977951497, ""min"": 0.0}, ""dictSynthesis"": {""avg"": 28.93600397510454, ""count"": 1, ""max"": 28.93600397510454, ""min"": 28.93600397510454}, ""episodeBpeMerge"": {""avg"": 69.16465400718153, ""count"": 1, ""max"": 69.16465400718153, ""min"": 69.16465400718153}, ""episodeFormatting"": {""avg"": 0.5533260118681937, ""count"": 2, ""max"": 0.5786500405520201, ""min"": 0.5280019831843674}, ""episodeTotal"": {""avg"": 708.2050219760276, ""count"": 1, ""max"": 708.2050219760276, ""min"": 708.2050219760276}, ""learning"": {""avg"": 42.934168013744056, ""count"": 1, ""max"": 42.934168013744056, ""min"": 42.934168013744056}, ""placement"": {""avg"": 0.3707518735609483, ""count"": 16, ""max"": 2.757771988399327, ""min"": 0.15895295655354857}, ""policyInference"": {""avg"": 0.19468123654780142, ""count"": 17, ""max"": 0.5789040005765855, ""min"": 0.1132100005634129}, ""shapeSynthesis"": {""avg"": 10.668195676236579, ""count"": 34, ""max"": 17.3696709680371, ""min"": 4.451395012438297}, ""stepTotal"": {""avg"": 29.97622370158377, ""count"": 17, ""max"": 55.156949965748936, ""min"": 12.409162009134889}, ""terminalMetrics"": {""avg"": 14.120934996753931, ""count"": 1, ""max"": 14.120934996753931, ""min"": 14.120934996753931}}"
0,v0.8.0,/home/ramazan/tmp/Discrete Building Generator/v0.8.0,808,cpu,0,9,9,0.8202371749794111,17,16,0.04947604599874467,0.08870717780664555,28.1211,23.30316636592622,0.3445319326880481,0.8408678203874147,27.0,3.0,107.5374755859375,2094.0,True,0.0,0,0.0,15.0,3.0,5.0,5.0,5.0,1.25,10.0,0.8752269878692197,0.4194833693061807,49a07cacafeeaaa7739c41809bd5116561080b8e00fbe840f150b620cc3cc7ae,e5a4d76a27e5bf1307557e8cb508e404779b29704deffa127cc0269630b36d3b,7f0bc580c723a5d3d3277b6ca99d1547286cc6da40af7f58499c0071ef42c4b4,"{""core"": 4, ""room"": 23}","{""aggregateTerminal"": {""avg"": 0.11351500870659947, ""count"": 1, ""max"": 0.11351500870659947, ""min"": 0.11351500870659947}, ""bpeMerge"": {""avg"": 0.0, ""count"": 16, ""max"": 0.0, ""min"": 0.0}, ""candidateGeneration"": {""avg"": 5.934523504269733, ""count"": 55, ""max"": 16.695735976099968, ""min"": 0.7240670383907855}, ""cgAnchorSearch"": {""avg"": 0.17947032794731801, ""count"": 382, ""max"": 0.725814956240356, ""min"": 0.06396201206371188}, ""cgEdgeAlignment"": {""avg"": 0.014441269321893756, ""count"": 382, ""max"": 0.24915108224377036, ""min"": 0.0}, ""cgFeatureExtraction"": {""avg"": 0.012631929133340951, ""count"": 382, ""max"": 0.16513298032805324, ""min"": 0.0}, ""cgNeighborAnalysis"": {""avg"": 0.007596879762338952, ""count"": 382, ""max"": 0.13587699504569173, ""min"": 0.0}, ""cgOverlapCollisions"": {""avg"": 0.677709631665722, ""count"": 382, ""max"": 14.745660941116512, ""min"": 0.0}, ""cgSiteBoundary"": {""avg"": 0.14189059961299505, ""count"": 382, ""max"": 5.519085971172899, ""min"": 0.0}, ""dictSynthesis"": {""avg"": 27.73732499917969, ""count"": 1, ""max"": 27.73732499917969, ""min"": 27.73732499917969}, ""episodeBpeMerge"": {""avg"": 62.09466501604766, ""count"": 1, ""max"": 62.09466501604766, ""min"": 62.09466501604766}, ""episodeFormatting"": {""avg"": 0.521376496180892, ""count"": 2, ""max"": 0.5639069713652134, ""min"": 0.4788460209965706}, ""episodeTotal"": {""avg"": 817.3280190094374, ""count"": 1, ""max"": 817.3280190094374, ""min"": 817.3280190094374}, ""learning"": {""avg"": 43.11865597264841, ""count"": 1, ""max"": 43.11865597264841, ""min"": 43.11865597264841}, ""placement"": {""avg"": 0.41326056400846156, ""count"": 14, ""max"": 3.049749997444451, ""min"": 0.15298096695914865}, ""policyInference"": {""avg"": 0.20106019655941054, ""count"": 16, ""max"": 0.616114994045347, ""min"": 0.11324702063575387}, ""shapeSynthesis"": {""avg"": 10.289282741723582, ""count"": 42, ""max"": 15.267450013197958, ""min"": 4.67020901851356}, ""stepTotal"": {""avg"": 39.19274642976234, ""count"": 16, ""max"": 65.05747599294409, ""min"": 16.0849149688147}, ""terminalMetrics"": {""avg"": 12.029176985379308, ""count"": 1, ""max"": 12.029176985379308, ""min"": 12.029176985379308}}"
